CHROM,POS,ID,REF,ALT
chr1,226558200,.,G,A
chr1,226568802,.,C,T
chr1,228612893,rs1358711210,C,T
chr1,241661264,.,T,C
chr2,16082079,.,T,G
chr2,25470473,rs868108352,C,T
chr2,29462672,rs111253753,G,A
chr2,47602434,rs148725106,C,T
chr2,47643476,rs4987189,C,T
chr2,99172225,.,C,T
chr2,109383395,rs771186446,G,A
chr2,109384167,rs2433786,C,G
chr2,128046943,rs761456808;rs776409036,CTCT,C
chr2,128047331,rs756400872,G,A
chr2,128051127,.,G,A
chr3,181431064,.,A,C
chr3,183210339,rs1429797234,G,A
chr3,183226024,.,C,T
chrX,47430862,.,G,A
chrX,66766099,.,C,G
chrX,70342198,.,T,A
chrX,129149404,rs1182680392,G,A
